Feature,Importance
remainder__Area,0.555689814007289
remainder__Age,0.16310464221325174
remainder__Bathrooms,0.08711317670626105
remainder__Parking,0.0514261273787674
remainder__Bedrooms,0.050867534267799025
categorical__Location_Karimnagar,0.033669579205148806
categorical__PropertyType_Villa,0.014097797955809807
categorical__Location_Hyderabad,0.009892479519469423
categorical__PropertyType_Independent House,0.009316448325450385
categorical__PropertyType_Apartment,0.007251098997542892
categorical__Furnished_Semi-Furnished,0.006322536627393517
categorical__Furnished_Unfurnished,0.0048784985576553
categorical__Furnished_Furnished,0.004448717731581701
categorical__Location_Warangal,0.0019215485065799131
